{
    "rmse": 0.7052116289878471,
    "mae": 0.5485680789832058,
    "r2": 0.24963457936751876
}